TimeStamp;NodeID;NodeCount;SF;WorkerCount;Table name;time in ms;size in byte;speed;comment
1700514080707;1;1;4000.0;16;ALL;7114;385326303;51.7 MiB/s;;
1700514080707;1;1;4000.0;16;ALL#worker0;processdWorkUnits;82;processdWorkUnits/s;100;processdWorkUnits;2;processdWorkUnits/s;500;processdWorkUnits;9;processdWorkUnits/s;214;processdWorkUnits;289;processdWorkUnits/s;708;processdWorkUnits;16;processdWorkUnits/s;1142;processdWorkUnits;36;processdWorkUnits/s;215;processdWorkUnits;2;processdWorkUnits/s;2000;processdWorkUnits;19498;processdWorkUnits/s;3498;processdWorkUnits;0;processdWorkUnits/s;0;;
1700514080707;1;1;4000.0;16;ALL#worker1;processdWorkUnits;54;processdWorkUnits/s;66;processdWorkUnits;0;processdWorkUnits/s;0;processdWorkUnits;9;processdWorkUnits/s;214;processdWorkUnits;76;processdWorkUnits/s;186;processdWorkUnits;11;processdWorkUnits/s;785;processdWorkUnits;33;processdWorkUnits/s;197;processdWorkUnits;0;processdWorkUnits/s;0;processdWorkUnits;19763;processdWorkUnits/s;3546;processdWorkUnits;1;processdWorkUnits/s;37;;
1700514080707;1;1;4000.0;16;ALL#worker10;processdWorkUnits;61;processdWorkUnits/s;76;processdWorkUnits;0;processdWorkUnits/s;0;processdWorkUnits;14;processdWorkUnits/s;333;processdWorkUnits;4;processdWorkUnits/s;9;processdWorkUnits;15;processdWorkUnits/s;1153;processdWorkUnits;37;processdWorkUnits/s;221;processdWorkUnits;0;processdWorkUnits/s;0;processdWorkUnits;17803;processdWorkUnits/s;3195;processdWorkUnits;0;processdWorkUnits/s;0;;
1700514080707;1;1;4000.0;16;ALL#worker11;processdWorkUnits;82;processdWorkUnits/s;102;processdWorkUnits;0;processdWorkUnits/s;0;processdWorkUnits;17;processdWorkUnits/s;414;processdWorkUnits;7;processdWorkUnits/s;17;processdWorkUnits;5;processdWorkUnits/s;384;processdWorkUnits;30;processdWorkUnits/s;179;processdWorkUnits;0;processdWorkUnits/s;0;processdWorkUnits;17592;processdWorkUnits/s;3157;processdWorkUnits;0;processdWorkUnits/s;0;;
1700514080707;1;1;4000.0;16;ALL#worker12;processdWorkUnits;87;processdWorkUnits/s;108;processdWorkUnits;1;processdWorkUnits/s;500;processdWorkUnits;12;processdWorkUnits/s;292;processdWorkUnits;0;processdWorkUnits/s;0;processdWorkUnits;3;processdWorkUnits/s;230;processdWorkUnits;38;processdWorkUnits/s;227;processdWorkUnits;0;processdWorkUnits/s;0;processdWorkUnits;16327;processdWorkUnits/s;2929;processdWorkUnits;0;processdWorkUnits/s;0;;
1700514080707;1;1;4000.0;16;ALL#worker13;processdWorkUnits;67;processdWorkUnits/s;83;processdWorkUnits;0;processdWorkUnits/s;0;processdWorkUnits;14;processdWorkUnits/s;333;processdWorkUnits;7;processdWorkUnits/s;17;processdWorkUnits;7;processdWorkUnits/s;500;processdWorkUnits;35;processdWorkUnits/s;209;processdWorkUnits;0;processdWorkUnits/s;0;processdWorkUnits;15245;processdWorkUnits/s;2735;processdWorkUnits;0;processdWorkUnits/s;0;;
1700514080707;1;1;4000.0;16;ALL#worker14;processdWorkUnits;75;processdWorkUnits/s;93;processdWorkUnits;0;processdWorkUnits/s;0;processdWorkUnits;12;processdWorkUnits/s;292;processdWorkUnits;4;processdWorkUnits/s;9;processdWorkUnits;10;processdWorkUnits/s;714;processdWorkUnits;46;processdWorkUnits/s;275;processdWorkUnits;0;processdWorkUnits/s;0;processdWorkUnits;13709;processdWorkUnits/s;2459;processdWorkUnits;0;processdWorkUnits/s;0;;
1700514080707;1;1;4000.0;16;ALL#worker15;processdWorkUnits;63;processdWorkUnits/s;78;processdWorkUnits;0;processdWorkUnits/s;0;processdWorkUnits;20;processdWorkUnits/s;487;processdWorkUnits;6;processdWorkUnits/s;14;processdWorkUnits;2;processdWorkUnits/s;153;processdWorkUnits;41;processdWorkUnits/s;245;processdWorkUnits;0;processdWorkUnits/s;0;processdWorkUnits;12680;processdWorkUnits/s;2275;processdWorkUnits;0;processdWorkUnits/s;0;;
1700514080707;1;1;4000.0;16;ALL#worker2;processdWorkUnits;76;processdWorkUnits/s;93;processdWorkUnits;0;processdWorkUnits/s;0;processdWorkUnits;11;processdWorkUnits/s;261;processdWorkUnits;25;processdWorkUnits/s;61;processdWorkUnits;8;processdWorkUnits/s;571;processdWorkUnits;35;processdWorkUnits/s;209;processdWorkUnits;0;processdWorkUnits/s;0;processdWorkUnits;20080;processdWorkUnits/s;3603;processdWorkUnits;0;processdWorkUnits/s;0;;
1700514080707;1;1;4000.0;16;ALL#worker3;processdWorkUnits;68;processdWorkUnits/s;83;processdWorkUnits;0;processdWorkUnits/s;0;processdWorkUnits;17;processdWorkUnits/s;404;processdWorkUnits;4;processdWorkUnits/s;9;processdWorkUnits;2;processdWorkUnits/s;222;processdWorkUnits;40;processdWorkUnits/s;239;processdWorkUnits;0;processdWorkUnits/s;0;processdWorkUnits;19634;processdWorkUnits/s;3523;processdWorkUnits;0;processdWorkUnits/s;0;;
1700514080707;1;1;4000.0;16;ALL#worker4;processdWorkUnits;90;processdWorkUnits/s;110;processdWorkUnits;0;processdWorkUnits/s;0;processdWorkUnits;13;processdWorkUnits/s;309;processdWorkUnits;2;processdWorkUnits/s;4;processdWorkUnits;3;processdWorkUnits/s;214;processdWorkUnits;42;processdWorkUnits/s;253;processdWorkUnits;0;processdWorkUnits/s;0;processdWorkUnits;19232;processdWorkUnits/s;3450;processdWorkUnits;0;processdWorkUnits/s;0;;
1700514080707;1;1;4000.0;16;ALL#worker5;processdWorkUnits;77;processdWorkUnits/s;94;processdWorkUnits;0;processdWorkUnits/s;0;processdWorkUnits;9;processdWorkUnits/s;214;processdWorkUnits;2;processdWorkUnits/s;4;processdWorkUnits;2;processdWorkUnits/s;153;processdWorkUnits;31;processdWorkUnits/s;185;processdWorkUnits;0;processdWorkUnits/s;0;processdWorkUnits;19576;processdWorkUnits/s;3512;processdWorkUnits;0;processdWorkUnits/s;0;;
1700514080707;1;1;4000.0;16;ALL#worker6;processdWorkUnits;66;processdWorkUnits/s;81;processdWorkUnits;0;processdWorkUnits/s;0;processdWorkUnits;7;processdWorkUnits/s;159;processdWorkUnits;3;processdWorkUnits/s;7;processdWorkUnits;7;processdWorkUnits/s;538;processdWorkUnits;41;processdWorkUnits/s;245;processdWorkUnits;0;processdWorkUnits/s;0;processdWorkUnits;19361;processdWorkUnits/s;3474;processdWorkUnits;0;processdWorkUnits/s;0;;
1700514080707;1;1;4000.0;16;ALL#worker7;processdWorkUnits;75;processdWorkUnits/s;93;processdWorkUnits;0;processdWorkUnits/s;0;processdWorkUnits;8;processdWorkUnits/s;190;processdWorkUnits;1;processdWorkUnits/s;2;processdWorkUnits;6;processdWorkUnits/s;461;processdWorkUnits;35;processdWorkUnits/s;209;processdWorkUnits;0;processdWorkUnits/s;0;processdWorkUnits;19073;processdWorkUnits/s;3422;processdWorkUnits;0;processdWorkUnits/s;0;;
1700514080707;1;1;4000.0;16;ALL#worker8;processdWorkUnits;48;processdWorkUnits/s;59;processdWorkUnits;0;processdWorkUnits/s;0;processdWorkUnits;14;processdWorkUnits/s;333;processdWorkUnits;4;processdWorkUnits/s;9;processdWorkUnits;10;processdWorkUnits/s;769;processdWorkUnits;45;processdWorkUnits/s;269;processdWorkUnits;0;processdWorkUnits/s;0;processdWorkUnits;18872;processdWorkUnits/s;3386;processdWorkUnits;0;processdWorkUnits/s;0;;
1700514080707;1;1;4000.0;16;ALL#worker9;processdWorkUnits;58;processdWorkUnits/s;72;processdWorkUnits;0;processdWorkUnits/s;0;processdWorkUnits;14;processdWorkUnits/s;341;processdWorkUnits;1;processdWorkUnits/s;2;processdWorkUnits;13;processdWorkUnits/s;1000;processdWorkUnits;35;processdWorkUnits/s;209;processdWorkUnits;0;processdWorkUnits/s;0;processdWorkUnits;18466;processdWorkUnits/s;3314;processdWorkUnits;0;processdWorkUnits/s;0;;
1700514080707;1;1;4000.0;16;Account;4;6091;1.5 MiB/s;;
1700514080707;1;1;4000.0;16;BatchDate;7;88;12.3 KiB/s;;
1700514080707;1;1;4000.0;16;Customer;12;8831;718.7 KiB/s;;
1700514080707;1;1;4000.0;16;CustomerMgmt;413;12435027;28.7 MiB/s;;
1700514080707;1;1;4000.0;16;DailyMarket;1214;109146488;85.7 MiB/s;;
1700514080707;1;1;4000.0;16;Date;457;3501650;7.3 MiB/s;457;3501650;7.3 MiB/s;;
1700514080707;1;1;4000.0;16;FINWIRE;571;37096735;62.0 MiB/s;;
1700514080707;1;1;4000.0;16;HR;52;1608803;29.5 MiB/s;52;1608803;29.5 MiB/s;;
1700514080707;1;1;4000.0;16;Industry;2;2732;1.3 MiB/s;2;2732;1.3 MiB/s;;
1700514080707;1;1;4000.0;16;Prospect;169;12511061;70.6 MiB/s;;
1700514080707;1;1;4000.0;16;RecordsBatch#1;6180471;;
1700514080707;1;1;4000.0;16;RecordsBatch#2;26679;;
1700514080707;1;1;4000.0;16;RecordsBatch#3;26658;;
1700514080707;1;1;4000.0;16;RecordsBatch#ALL;6233808;876150;records/second;;
1700514080707;1;1;4000.0;16;StatusType;23;3724;158.1 KiB/s;23;3724;158.1 KiB/s;;
1700514080707;1;1;4000.0;16;TaxRate;5;17091;3.3 MiB/s;5;17091;3.3 MiB/s;;
1700514080707;1;1;4000.0;16;Time;329;4782598;13.9 MiB/s;329;4782598;13.9 MiB/s;;
1700514080707;1;1;4000.0;16;TradeSource;3013;148183480;46.9 MiB/s;;
1700514080707;1;1;4000.0;16;WatchHistory;777;56021805;68.8 MiB/s;;
1700514080707;1;1;4000.0;16;pdgf.core.dataGenerator.worker.DbDumpRowWorker#worker#0;processdWorkUnits;36;processdWorkUnits/s;215;;
1700514080707;1;1;4000.0;16;pdgf.core.dataGenerator.worker.DbDumpRowWorker#worker#1;processdWorkUnits;33;processdWorkUnits/s;197;;
1700514080707;1;1;4000.0;16;pdgf.core.dataGenerator.worker.DbDumpRowWorker#worker#10;processdWorkUnits;37;processdWorkUnits/s;221;;
1700514080707;1;1;4000.0;16;pdgf.core.dataGenerator.worker.DbDumpRowWorker#worker#11;processdWorkUnits;30;processdWorkUnits/s;179;;
1700514080707;1;1;4000.0;16;pdgf.core.dataGenerator.worker.DbDumpRowWorker#worker#12;processdWorkUnits;38;processdWorkUnits/s;227;;
1700514080707;1;1;4000.0;16;pdgf.core.dataGenerator.worker.DbDumpRowWorker#worker#13;processdWorkUnits;35;processdWorkUnits/s;209;;
1700514080707;1;1;4000.0;16;pdgf.core.dataGenerator.worker.DbDumpRowWorker#worker#14;processdWorkUnits;46;processdWorkUnits/s;275;;
1700514080707;1;1;4000.0;16;pdgf.core.dataGenerator.worker.DbDumpRowWorker#worker#15;processdWorkUnits;41;processdWorkUnits/s;245;;
1700514080707;1;1;4000.0;16;pdgf.core.dataGenerator.worker.DbDumpRowWorker#worker#2;processdWorkUnits;35;processdWorkUnits/s;209;;
1700514080707;1;1;4000.0;16;pdgf.core.dataGenerator.worker.DbDumpRowWorker#worker#3;processdWorkUnits;40;processdWorkUnits/s;239;;
1700514080707;1;1;4000.0;16;pdgf.core.dataGenerator.worker.DbDumpRowWorker#worker#4;processdWorkUnits;42;processdWorkUnits/s;253;;
1700514080707;1;1;4000.0;16;pdgf.core.dataGenerator.worker.DbDumpRowWorker#worker#5;processdWorkUnits;31;processdWorkUnits/s;185;;
1700514080707;1;1;4000.0;16;pdgf.core.dataGenerator.worker.DbDumpRowWorker#worker#6;processdWorkUnits;41;processdWorkUnits/s;245;;
1700514080707;1;1;4000.0;16;pdgf.core.dataGenerator.worker.DbDumpRowWorker#worker#7;processdWorkUnits;35;processdWorkUnits/s;209;;
1700514080707;1;1;4000.0;16;pdgf.core.dataGenerator.worker.DbDumpRowWorker#worker#8;processdWorkUnits;45;processdWorkUnits/s;269;;
1700514080707;1;1;4000.0;16;pdgf.core.dataGenerator.worker.DbDumpRowWorker#worker#9;processdWorkUnits;35;processdWorkUnits/s;209;;
1700514080707;1;1;4000.0;16;pdgf.core.dataGenerator.worker.RowWorker#worker#0;processdWorkUnits;82;processdWorkUnits/s;100;processdWorkUnits;9;processdWorkUnits/s;214;processdWorkUnits;2;processdWorkUnits/s;2000;processdWorkUnits;0;processdWorkUnits/s;0;;
1700514080707;1;1;4000.0;16;pdgf.core.dataGenerator.worker.RowWorker#worker#1;processdWorkUnits;54;processdWorkUnits/s;66;processdWorkUnits;9;processdWorkUnits/s;214;processdWorkUnits;0;processdWorkUnits/s;0;processdWorkUnits;1;processdWorkUnits/s;37;;
1700514080707;1;1;4000.0;16;pdgf.core.dataGenerator.worker.RowWorker#worker#10;processdWorkUnits;61;processdWorkUnits/s;76;processdWorkUnits;14;processdWorkUnits/s;333;processdWorkUnits;0;processdWorkUnits/s;0;processdWorkUnits;0;processdWorkUnits/s;0;;
1700514080707;1;1;4000.0;16;pdgf.core.dataGenerator.worker.RowWorker#worker#11;processdWorkUnits;82;processdWorkUnits/s;102;processdWorkUnits;17;processdWorkUnits/s;414;processdWorkUnits;0;processdWorkUnits/s;0;processdWorkUnits;0;processdWorkUnits/s;0;;
1700514080707;1;1;4000.0;16;pdgf.core.dataGenerator.worker.RowWorker#worker#12;processdWorkUnits;87;processdWorkUnits/s;108;processdWorkUnits;12;processdWorkUnits/s;292;processdWorkUnits;0;processdWorkUnits/s;0;processdWorkUnits;0;processdWorkUnits/s;0;;
1700514080707;1;1;4000.0;16;pdgf.core.dataGenerator.worker.RowWorker#worker#13;processdWorkUnits;67;processdWorkUnits/s;83;processdWorkUnits;14;processdWorkUnits/s;333;processdWorkUnits;0;processdWorkUnits/s;0;processdWorkUnits;0;processdWorkUnits/s;0;;
1700514080707;1;1;4000.0;16;pdgf.core.dataGenerator.worker.RowWorker#worker#14;processdWorkUnits;75;processdWorkUnits/s;93;processdWorkUnits;12;processdWorkUnits/s;292;processdWorkUnits;0;processdWorkUnits/s;0;processdWorkUnits;0;processdWorkUnits/s;0;;
1700514080707;1;1;4000.0;16;pdgf.core.dataGenerator.worker.RowWorker#worker#15;processdWorkUnits;63;processdWorkUnits/s;78;processdWorkUnits;20;processdWorkUnits/s;487;processdWorkUnits;0;processdWorkUnits/s;0;processdWorkUnits;0;processdWorkUnits/s;0;;
1700514080707;1;1;4000.0;16;pdgf.core.dataGenerator.worker.RowWorker#worker#2;processdWorkUnits;76;processdWorkUnits/s;93;processdWorkUnits;11;processdWorkUnits/s;261;processdWorkUnits;0;processdWorkUnits/s;0;processdWorkUnits;0;processdWorkUnits/s;0;;
1700514080707;1;1;4000.0;16;pdgf.core.dataGenerator.worker.RowWorker#worker#3;processdWorkUnits;68;processdWorkUnits/s;83;processdWorkUnits;17;processdWorkUnits/s;404;processdWorkUnits;0;processdWorkUnits/s;0;processdWorkUnits;0;processdWorkUnits/s;0;;
1700514080707;1;1;4000.0;16;pdgf.core.dataGenerator.worker.RowWorker#worker#4;processdWorkUnits;90;processdWorkUnits/s;110;processdWorkUnits;13;processdWorkUnits/s;309;processdWorkUnits;0;processdWorkUnits/s;0;processdWorkUnits;0;processdWorkUnits/s;0;;
1700514080707;1;1;4000.0;16;pdgf.core.dataGenerator.worker.RowWorker#worker#5;processdWorkUnits;77;processdWorkUnits/s;94;processdWorkUnits;9;processdWorkUnits/s;214;processdWorkUnits;0;processdWorkUnits/s;0;processdWorkUnits;0;processdWorkUnits/s;0;;
1700514080707;1;1;4000.0;16;pdgf.core.dataGenerator.worker.RowWorker#worker#6;processdWorkUnits;66;processdWorkUnits/s;81;processdWorkUnits;7;processdWorkUnits/s;159;processdWorkUnits;0;processdWorkUnits/s;0;processdWorkUnits;0;processdWorkUnits/s;0;;
1700514080707;1;1;4000.0;16;pdgf.core.dataGenerator.worker.RowWorker#worker#7;processdWorkUnits;75;processdWorkUnits/s;93;processdWorkUnits;8;processdWorkUnits/s;190;processdWorkUnits;0;processdWorkUnits/s;0;processdWorkUnits;0;processdWorkUnits/s;0;;
1700514080707;1;1;4000.0;16;pdgf.core.dataGenerator.worker.RowWorker#worker#8;processdWorkUnits;48;processdWorkUnits/s;59;processdWorkUnits;14;processdWorkUnits/s;333;processdWorkUnits;0;processdWorkUnits/s;0;processdWorkUnits;0;processdWorkUnits/s;0;;
1700514080707;1;1;4000.0;16;pdgf.core.dataGenerator.worker.RowWorker#worker#9;processdWorkUnits;58;processdWorkUnits/s;72;processdWorkUnits;14;processdWorkUnits/s;341;processdWorkUnits;0;processdWorkUnits/s;0;processdWorkUnits;0;processdWorkUnits/s;0;;
1700514080707;1;1;4000.0;16;pdgf.core.dataGenerator.worker.UpdateRowWorker#worker#0;processdWorkUnits;2;processdWorkUnits/s;500;processdWorkUnits;16;processdWorkUnits/s;1142;processdWorkUnits;19498;processdWorkUnits/s;3498;;
1700514080707;1;1;4000.0;16;pdgf.core.dataGenerator.worker.UpdateRowWorker#worker#1;processdWorkUnits;0;processdWorkUnits/s;0;processdWorkUnits;11;processdWorkUnits/s;785;processdWorkUnits;19763;processdWorkUnits/s;3546;;
1700514080707;1;1;4000.0;16;pdgf.core.dataGenerator.worker.UpdateRowWorker#worker#10;processdWorkUnits;0;processdWorkUnits/s;0;processdWorkUnits;15;processdWorkUnits/s;1153;processdWorkUnits;17803;processdWorkUnits/s;3195;;
1700514080707;1;1;4000.0;16;pdgf.core.dataGenerator.worker.UpdateRowWorker#worker#11;processdWorkUnits;0;processdWorkUnits/s;0;processdWorkUnits;5;processdWorkUnits/s;384;processdWorkUnits;17592;processdWorkUnits/s;3157;;
1700514080707;1;1;4000.0;16;pdgf.core.dataGenerator.worker.UpdateRowWorker#worker#12;processdWorkUnits;1;processdWorkUnits/s;500;processdWorkUnits;3;processdWorkUnits/s;230;processdWorkUnits;16327;processdWorkUnits/s;2929;;
1700514080707;1;1;4000.0;16;pdgf.core.dataGenerator.worker.UpdateRowWorker#worker#13;processdWorkUnits;0;processdWorkUnits/s;0;processdWorkUnits;7;processdWorkUnits/s;500;processdWorkUnits;15245;processdWorkUnits/s;2735;;
1700514080707;1;1;4000.0;16;pdgf.core.dataGenerator.worker.UpdateRowWorker#worker#14;processdWorkUnits;0;processdWorkUnits/s;0;processdWorkUnits;10;processdWorkUnits/s;714;processdWorkUnits;13709;processdWorkUnits/s;2459;;
1700514080707;1;1;4000.0;16;pdgf.core.dataGenerator.worker.UpdateRowWorker#worker#15;processdWorkUnits;0;processdWorkUnits/s;0;processdWorkUnits;2;processdWorkUnits/s;153;processdWorkUnits;12680;processdWorkUnits/s;2275;;
1700514080707;1;1;4000.0;16;pdgf.core.dataGenerator.worker.UpdateRowWorker#worker#2;processdWorkUnits;0;processdWorkUnits/s;0;processdWorkUnits;8;processdWorkUnits/s;571;processdWorkUnits;20080;processdWorkUnits/s;3603;;
1700514080707;1;1;4000.0;16;pdgf.core.dataGenerator.worker.UpdateRowWorker#worker#3;processdWorkUnits;0;processdWorkUnits/s;0;processdWorkUnits;2;processdWorkUnits/s;222;processdWorkUnits;19634;processdWorkUnits/s;3523;;
1700514080707;1;1;4000.0;16;pdgf.core.dataGenerator.worker.UpdateRowWorker#worker#4;processdWorkUnits;0;processdWorkUnits/s;0;processdWorkUnits;3;processdWorkUnits/s;214;processdWorkUnits;19232;processdWorkUnits/s;3450;;
1700514080707;1;1;4000.0;16;pdgf.core.dataGenerator.worker.UpdateRowWorker#worker#5;processdWorkUnits;0;processdWorkUnits/s;0;processdWorkUnits;2;processdWorkUnits/s;153;processdWorkUnits;19576;processdWorkUnits/s;3512;;
1700514080707;1;1;4000.0;16;pdgf.core.dataGenerator.worker.UpdateRowWorker#worker#6;processdWorkUnits;0;processdWorkUnits/s;0;processdWorkUnits;7;processdWorkUnits/s;538;processdWorkUnits;19361;processdWorkUnits/s;3474;;
1700514080707;1;1;4000.0;16;pdgf.core.dataGenerator.worker.UpdateRowWorker#worker#7;processdWorkUnits;0;processdWorkUnits/s;0;processdWorkUnits;6;processdWorkUnits/s;461;processdWorkUnits;19073;processdWorkUnits/s;3422;;
1700514080707;1;1;4000.0;16;pdgf.core.dataGenerator.worker.UpdateRowWorker#worker#8;processdWorkUnits;0;processdWorkUnits/s;0;processdWorkUnits;10;processdWorkUnits/s;769;processdWorkUnits;18872;processdWorkUnits/s;3386;;
1700514080707;1;1;4000.0;16;pdgf.core.dataGenerator.worker.UpdateRowWorker#worker#9;processdWorkUnits;0;processdWorkUnits/s;0;processdWorkUnits;13;processdWorkUnits/s;1000;processdWorkUnits;18466;processdWorkUnits/s;3314;;
1700514080707;1;1;4000.0;16;tpc.di.scheduler.CustomerMgmtUpdateRowWorker#worker#0;processdWorkUnits;289;processdWorkUnits/s;708;;
1700514080707;1;1;4000.0;16;tpc.di.scheduler.CustomerMgmtUpdateRowWorker#worker#1;processdWorkUnits;76;processdWorkUnits/s;186;;
1700514080707;1;1;4000.0;16;tpc.di.scheduler.CustomerMgmtUpdateRowWorker#worker#10;processdWorkUnits;4;processdWorkUnits/s;9;;
1700514080707;1;1;4000.0;16;tpc.di.scheduler.CustomerMgmtUpdateRowWorker#worker#11;processdWorkUnits;7;processdWorkUnits/s;17;;
1700514080707;1;1;4000.0;16;tpc.di.scheduler.CustomerMgmtUpdateRowWorker#worker#12;processdWorkUnits;0;processdWorkUnits/s;0;;
1700514080707;1;1;4000.0;16;tpc.di.scheduler.CustomerMgmtUpdateRowWorker#worker#13;processdWorkUnits;7;processdWorkUnits/s;17;;
1700514080707;1;1;4000.0;16;tpc.di.scheduler.CustomerMgmtUpdateRowWorker#worker#14;processdWorkUnits;4;processdWorkUnits/s;9;;
1700514080707;1;1;4000.0;16;tpc.di.scheduler.CustomerMgmtUpdateRowWorker#worker#15;processdWorkUnits;6;processdWorkUnits/s;14;;
1700514080707;1;1;4000.0;16;tpc.di.scheduler.CustomerMgmtUpdateRowWorker#worker#2;processdWorkUnits;25;processdWorkUnits/s;61;;
1700514080707;1;1;4000.0;16;tpc.di.scheduler.CustomerMgmtUpdateRowWorker#worker#3;processdWorkUnits;4;processdWorkUnits/s;9;;
1700514080707;1;1;4000.0;16;tpc.di.scheduler.CustomerMgmtUpdateRowWorker#worker#4;processdWorkUnits;2;processdWorkUnits/s;4;;
1700514080707;1;1;4000.0;16;tpc.di.scheduler.CustomerMgmtUpdateRowWorker#worker#5;processdWorkUnits;2;processdWorkUnits/s;4;;
1700514080707;1;1;4000.0;16;tpc.di.scheduler.CustomerMgmtUpdateRowWorker#worker#6;processdWorkUnits;3;processdWorkUnits/s;7;;
1700514080707;1;1;4000.0;16;tpc.di.scheduler.CustomerMgmtUpdateRowWorker#worker#7;processdWorkUnits;1;processdWorkUnits/s;2;;
1700514080707;1;1;4000.0;16;tpc.di.scheduler.CustomerMgmtUpdateRowWorker#worker#8;processdWorkUnits;4;processdWorkUnits/s;9;;
1700514080707;1;1;4000.0;16;tpc.di.scheduler.CustomerMgmtUpdateRowWorker#worker#9;processdWorkUnits;1;processdWorkUnits/s;2;;
1700514110740;1;1;3000.0;16;ALL;6093;280028022;43.8 MiB/s;;
1700514110740;1;1;3000.0;16;ALL#worker0;processdWorkUnits;75;processdWorkUnits/s;127;processdWorkUnits;2;processdWorkUnits/s;500;processdWorkUnits;11;processdWorkUnits/s;239;processdWorkUnits;285;processdWorkUnits/s;750;processdWorkUnits;4;processdWorkUnits/s;333;processdWorkUnits;26;processdWorkUnits/s;214;processdWorkUnits;1;processdWorkUnits/s;1000;processdWorkUnits;20870;processdWorkUnits/s;4305;processdWorkUnits;0;processdWorkUnits/s;0;;
1700514110740;1;1;3000.0;16;ALL#worker1;processdWorkUnits;74;processdWorkUnits/s;125;processdWorkUnits;0;processdWorkUnits/s;0;processdWorkUnits;7;processdWorkUnits/s;175;processdWorkUnits;73;processdWorkUnits/s;191;processdWorkUnits;10;processdWorkUnits/s;833;processdWorkUnits;36;processdWorkUnits/s;297;processdWorkUnits;1;processdWorkUnits/s;1000;processdWorkUnits;21992;processdWorkUnits/s;4537;processdWorkUnits;0;processdWorkUnits/s;0;;
1700514110740;1;1;3000.0;16;ALL#worker10;processdWorkUnits;65;processdWorkUnits/s;111;processdWorkUnits;0;processdWorkUnits/s;0;processdWorkUnits;9;processdWorkUnits/s;209;processdWorkUnits;2;processdWorkUnits/s;5;processdWorkUnits;7;processdWorkUnits/s;636;processdWorkUnits;36;processdWorkUnits/s;300;processdWorkUnits;0;processdWorkUnits/s;0;processdWorkUnits;19200;processdWorkUnits/s;3962;processdWorkUnits;0;processdWorkUnits/s;0;;
1700514110740;1;1;3000.0;16;ALL#worker11;processdWorkUnits;65;processdWorkUnits/s;111;processdWorkUnits;1;processdWorkUnits/s;333;processdWorkUnits;9;processdWorkUnits/s;214;processdWorkUnits;4;processdWorkUnits/s;10;processdWorkUnits;2;processdWorkUnits/s;181;processdWorkUnits;24;processdWorkUnits/s;200;processdWorkUnits;0;processdWorkUnits/s;0;processdWorkUnits;18474;processdWorkUnits/s;3812;processdWorkUnits;0;processdWorkUnits/s;0;;
1700514110740;1;1;3000.0;16;ALL#worker12;processdWorkUnits;66;processdWorkUnits/s;112;processdWorkUnits;0;processdWorkUnits/s;0;processdWorkUnits;8;processdWorkUnits/s;186;processdWorkUnits;3;processdWorkUnits/s;7;processdWorkUnits;2;processdWorkUnits/s;200;processdWorkUnits;30;processdWorkUnits/s;250;processdWorkUnits;0;processdWorkUnits/s;0;processdWorkUnits;17696;processdWorkUnits/s;3651;processdWorkUnits;0;processdWorkUnits/s;0;;
1700514110740;1;1;3000.0;16;ALL#worker13;processdWorkUnits;74;processdWorkUnits/s;126;processdWorkUnits;0;processdWorkUnits/s;0;processdWorkUnits;14;processdWorkUnits/s;325;processdWorkUnits;6;processdWorkUnits/s;15;processdWorkUnits;2;processdWorkUnits/s;181;processdWorkUnits;23;processdWorkUnits/s;191;processdWorkUnits;0;processdWorkUnits/s;0;processdWorkUnits;16066;processdWorkUnits/s;3315;processdWorkUnits;0;processdWorkUnits/s;0;;
1700514110740;1;1;3000.0;16;ALL#worker14;processdWorkUnits;56;processdWorkUnits/s;95;processdWorkUnits;0;processdWorkUnits/s;0;processdWorkUnits;11;processdWorkUnits/s;250;processdWorkUnits;2;processdWorkUnits/s;5;processdWorkUnits;1;processdWorkUnits/s;100;processdWorkUnits;33;processdWorkUnits/s;275;processdWorkUnits;0;processdWorkUnits/s;0;processdWorkUnits;14380;processdWorkUnits/s;2966;processdWorkUnits;0;processdWorkUnits/s;0;;
1700514110740;1;1;3000.0;16;ALL#worker15;processdWorkUnits;80;processdWorkUnits/s;136;processdWorkUnits;0;processdWorkUnits/s;0;processdWorkUnits;11;processdWorkUnits/s;255;processdWorkUnits;14;processdWorkUnits/s;36;processdWorkUnits;2;processdWorkUnits/s;200;processdWorkUnits;21;processdWorkUnits/s;175;processdWorkUnits;0;processdWorkUnits/s;0;processdWorkUnits;12900;processdWorkUnits/s;2661;processdWorkUnits;0;processdWorkUnits/s;0;;
1700514110740;1;1;3000.0;16;ALL#worker2;processdWorkUnits;76;processdWorkUnits/s;129;processdWorkUnits;0;processdWorkUnits/s;0;processdWorkUnits;10;processdWorkUnits/s;232;processdWorkUnits;16;processdWorkUnits/s;42;processdWorkUnits;3;processdWorkUnits/s;250;processdWorkUnits;20;processdWorkUnits/s;165;processdWorkUnits;0;processdWorkUnits/s;0;processdWorkUnits;21823;processdWorkUnits/s;4502;processdWorkUnits;1;processdWorkUnits/s;43;;
1700514110740;1;1;3000.0;16;ALL#worker3;processdWorkUnits;63;processdWorkUnits/s;107;processdWorkUnits;0;processdWorkUnits/s;0;processdWorkUnits;7;processdWorkUnits/s;145;processdWorkUnits;2;processdWorkUnits/s;5;processdWorkUnits;5;processdWorkUnits/s;454;processdWorkUnits;12;processdWorkUnits/s;99;processdWorkUnits;0;processdWorkUnits/s;0;processdWorkUnits;21521;processdWorkUnits/s;4440;processdWorkUnits;0;processdWorkUnits/s;0;;
1700514110740;1;1;3000.0;16;ALL#worker4;processdWorkUnits;73;processdWorkUnits/s;124;processdWorkUnits;0;processdWorkUnits/s;0;processdWorkUnits;8;processdWorkUnits/s;177;processdWorkUnits;5;processdWorkUnits/s;13;processdWorkUnits;3;processdWorkUnits/s;272;processdWorkUnits;22;processdWorkUnits/s;183;processdWorkUnits;0;processdWorkUnits/s;0;processdWorkUnits;21581;processdWorkUnits/s;4453;processdWorkUnits;0;processdWorkUnits/s;0;;
1700514110740;1;1;3000.0;16;ALL#worker5;processdWorkUnits;86;processdWorkUnits/s;146;processdWorkUnits;0;processdWorkUnits/s;0;processdWorkUnits;9;processdWorkUnits/s;219;processdWorkUnits;7;processdWorkUnits/s;18;processdWorkUnits;17;processdWorkUnits/s;1545;processdWorkUnits;27;processdWorkUnits/s;225;processdWorkUnits;0;processdWorkUnits/s;0;processdWorkUnits;21389;processdWorkUnits/s;4413;processdWorkUnits;0;processdWorkUnits/s;0;;
1700514110740;1;1;3000.0;16;ALL#worker6;processdWorkUnits;67;processdWorkUnits/s;113;processdWorkUnits;0;processdWorkUnits/s;0;processdWorkUnits;15;processdWorkUnits/s;333;processdWorkUnits;4;processdWorkUnits/s;10;processdWorkUnits;11;processdWorkUnits/s;916;processdWorkUnits;40;processdWorkUnits/s;333;processdWorkUnits;0;processdWorkUnits/s;0;processdWorkUnits;21127;processdWorkUnits/s;4359;processdWorkUnits;0;processdWorkUnits/s;0;;
1700514110740;1;1;3000.0;16;ALL#worker7;processdWorkUnits;81;processdWorkUnits/s;137;processdWorkUnits;0;processdWorkUnits/s;0;processdWorkUnits;5;processdWorkUnits/s;116;processdWorkUnits;1;processdWorkUnits/s;2;processdWorkUnits;11;processdWorkUnits/s;1000;processdWorkUnits;35;processdWorkUnits/s;291;processdWorkUnits;0;processdWorkUnits/s;0;processdWorkUnits;20591;processdWorkUnits/s;4249;processdWorkUnits;0;processdWorkUnits/s;0;;
1700514110740;1;1;3000.0;16;ALL#worker8;processdWorkUnits;71;processdWorkUnits/s;120;processdWorkUnits;0;processdWorkUnits/s;0;processdWorkUnits;5;processdWorkUnits/s;116;processdWorkUnits;0;processdWorkUnits/s;0;processdWorkUnits;6;processdWorkUnits/s;545;processdWorkUnits;34;processdWorkUnits/s;283;processdWorkUnits;0;processdWorkUnits/s;0;processdWorkUnits;20247;processdWorkUnits/s;4178;processdWorkUnits;0;processdWorkUnits/s;0;;
1700514110740;1;1;3000.0;16;ALL#worker9;processdWorkUnits;57;processdWorkUnits/s;96;processdWorkUnits;0;processdWorkUnits/s;0;processdWorkUnits;11;processdWorkUnits/s;255;processdWorkUnits;5;processdWorkUnits/s;13;processdWorkUnits;4;processdWorkUnits/s;363;processdWorkUnits;31;processdWorkUnits/s;258;processdWorkUnits;0;processdWorkUnits/s;0;processdWorkUnits;19775;processdWorkUnits/s;4080;processdWorkUnits;0;processdWorkUnits/s;0;;
1700514110740;1;1;3000.0;16;Account;7;4525;631.3 KiB/s;;
1700514110740;1;1;3000.0;16;BatchDate;6;88;14.3 KiB/s;;
1700514110740;1;1;3000.0;16;Customer;7;6760;943.1 KiB/s;;
1700514110740;1;1;3000.0;16;CustomerMgmt;384;9369639;23.3 MiB/s;;
1700514110740;1;1;3000.0;16;DailyMarket;933;75580619;77.3 MiB/s;;
1700514110740;1;1;3000.0;16;Date;402;3501650;8.3 MiB/s;402;3501650;8.3 MiB/s;;
1700514110740;1;1;3000.0;16;FINWIRE;521;23326253;42.7 MiB/s;;
1700514110740;1;1;3000.0;16;HR;55;1200692;20.8 MiB/s;55;1200692;20.8 MiB/s;;
1700514110740;1;1;3000.0;16;Industry;2;2732;1.3 MiB/s;2;2732;1.3 MiB/s;;
1700514110740;1;1;3000.0;16;Prospect;123;9334017;72.4 MiB/s;;
1700514110740;1;1;3000.0;16;RecordsBatch#1;4539962;;
1700514110740;1;1;3000.0;16;RecordsBatch#2;19900;;
1700514110740;1;1;3000.0;16;RecordsBatch#3;19855;;
1700514110740;1;1;3000.0;16;RecordsBatch#ALL;4579717;751635;records/second;;
1700514110740;1;1;3000.0;16;StatusType;13;3723;279.7 KiB/s;13;3723;279.7 KiB/s;;
1700514110740;1;1;3000.0;16;TaxRate;6;17091;2.7 MiB/s;6;17091;2.7 MiB/s;;
1700514110740;1;1;3000.0;16;Time;171;4782598;26.7 MiB/s;171;4782598;26.7 MiB/s;;
1700514110740;1;1;3000.0;16;TradeSource;2735;110971217;38.7 MiB/s;;
1700514110740;1;1;3000.0;16;WatchHistory;660;41926319;60.6 MiB/s;;
1700514110740;1;1;3000.0;16;pdgf.core.dataGenerator.worker.DbDumpRowWorker#worker#0;processdWorkUnits;26;processdWorkUnits/s;214;;
1700514110740;1;1;3000.0;16;pdgf.core.dataGenerator.worker.DbDumpRowWorker#worker#1;processdWorkUnits;36;processdWorkUnits/s;297;;
1700514110740;1;1;3000.0;16;pdgf.core.dataGenerator.worker.DbDumpRowWorker#worker#10;processdWorkUnits;36;processdWorkUnits/s;300;;
1700514110740;1;1;3000.0;16;pdgf.core.dataGenerator.worker.DbDumpRowWorker#worker#11;processdWorkUnits;24;processdWorkUnits/s;200;;
1700514110740;1;1;3000.0;16;pdgf.core.dataGenerator.worker.DbDumpRowWorker#worker#12;processdWorkUnits;30;processdWorkUnits/s;250;;
1700514110740;1;1;3000.0;16;pdgf.core.dataGenerator.worker.DbDumpRowWorker#worker#13;processdWorkUnits;23;processdWorkUnits/s;191;;
1700514110740;1;1;3000.0;16;pdgf.core.dataGenerator.worker.DbDumpRowWorker#worker#14;processdWorkUnits;33;processdWorkUnits/s;275;;
1700514110740;1;1;3000.0;16;pdgf.core.dataGenerator.worker.DbDumpRowWorker#worker#15;processdWorkUnits;21;processdWorkUnits/s;175;;
1700514110740;1;1;3000.0;16;pdgf.core.dataGenerator.worker.DbDumpRowWorker#worker#2;processdWorkUnits;20;processdWorkUnits/s;165;;
1700514110740;1;1;3000.0;16;pdgf.core.dataGenerator.worker.DbDumpRowWorker#worker#3;processdWorkUnits;12;processdWorkUnits/s;99;;
1700514110740;1;1;3000.0;16;pdgf.core.dataGenerator.worker.DbDumpRowWorker#worker#4;processdWorkUnits;22;processdWorkUnits/s;183;;
1700514110740;1;1;3000.0;16;pdgf.core.dataGenerator.worker.DbDumpRowWorker#worker#5;processdWorkUnits;27;processdWorkUnits/s;225;;
1700514110740;1;1;3000.0;16;pdgf.core.dataGenerator.worker.DbDumpRowWorker#worker#6;processdWorkUnits;40;processdWorkUnits/s;333;;
1700514110740;1;1;3000.0;16;pdgf.core.dataGenerator.worker.DbDumpRowWorker#worker#7;processdWorkUnits;35;processdWorkUnits/s;291;;
1700514110740;1;1;3000.0;16;pdgf.core.dataGenerator.worker.DbDumpRowWorker#worker#8;processdWorkUnits;34;processdWorkUnits/s;283;;
1700514110740;1;1;3000.0;16;pdgf.core.dataGenerator.worker.DbDumpRowWorker#worker#9;processdWorkUnits;31;processdWorkUnits/s;258;;
1700514110740;1;1;3000.0;16;pdgf.core.dataGenerator.worker.RowWorker#worker#0;processdWorkUnits;75;processdWorkUnits/s;127;processdWorkUnits;11;processdWorkUnits/s;239;processdWorkUnits;1;processdWorkUnits/s;1000;processdWorkUnits;0;processdWorkUnits/s;0;;
1700514110740;1;1;3000.0;16;pdgf.core.dataGenerator.worker.RowWorker#worker#1;processdWorkUnits;74;processdWorkUnits/s;125;processdWorkUnits;7;processdWorkUnits/s;175;processdWorkUnits;1;processdWorkUnits/s;1000;processdWorkUnits;0;processdWorkUnits/s;0;;
1700514110740;1;1;3000.0;16;pdgf.core.dataGenerator.worker.RowWorker#worker#10;processdWorkUnits;65;processdWorkUnits/s;111;processdWorkUnits;9;processdWorkUnits/s;209;processdWorkUnits;0;processdWorkUnits/s;0;processdWorkUnits;0;processdWorkUnits/s;0;;
1700514110740;1;1;3000.0;16;pdgf.core.dataGenerator.worker.RowWorker#worker#11;processdWorkUnits;65;processdWorkUnits/s;111;processdWorkUnits;9;processdWorkUnits/s;214;processdWorkUnits;0;processdWorkUnits/s;0;processdWorkUnits;0;processdWorkUnits/s;0;;
1700514110740;1;1;3000.0;16;pdgf.core.dataGenerator.worker.RowWorker#worker#12;processdWorkUnits;66;processdWorkUnits/s;112;processdWorkUnits;8;processdWorkUnits/s;186;processdWorkUnits;0;processdWorkUnits/s;0;processdWorkUnits;0;processdWorkUnits/s;0;;
1700514110740;1;1;3000.0;16;pdgf.core.dataGenerator.worker.RowWorker#worker#13;processdWorkUnits;74;processdWorkUnits/s;126;processdWorkUnits;14;processdWorkUnits/s;325;processdWorkUnits;0;processdWorkUnits/s;0;processdWorkUnits;0;processdWorkUnits/s;0;;
1700514110740;1;1;3000.0;16;pdgf.core.dataGenerator.worker.RowWorker#worker#14;processdWorkUnits;56;processdWorkUnits/s;95;processdWorkUnits;11;processdWorkUnits/s;250;processdWorkUnits;0;processdWorkUnits/s;0;processdWorkUnits;0;processdWorkUnits/s;0;;
1700514110740;1;1;3000.0;16;pdgf.core.dataGenerator.worker.RowWorker#worker#15;processdWorkUnits;80;processdWorkUnits/s;136;processdWorkUnits;11;processdWorkUnits/s;255;processdWorkUnits;0;processdWorkUnits/s;0;processdWorkUnits;0;processdWorkUnits/s;0;;
1700514110740;1;1;3000.0;16;pdgf.core.dataGenerator.worker.RowWorker#worker#2;processdWorkUnits;76;processdWorkUnits/s;129;processdWorkUnits;10;processdWorkUnits/s;232;processdWorkUnits;0;processdWorkUnits/s;0;processdWorkUnits;1;processdWorkUnits/s;43;;
1700514110740;1;1;3000.0;16;pdgf.core.dataGenerator.worker.RowWorker#worker#3;processdWorkUnits;63;processdWorkUnits/s;107;processdWorkUnits;7;processdWorkUnits/s;145;processdWorkUnits;0;processdWorkUnits/s;0;processdWorkUnits;0;processdWorkUnits/s;0;;
1700514110740;1;1;3000.0;16;pdgf.core.dataGenerator.worker.RowWorker#worker#4;processdWorkUnits;73;processdWorkUnits/s;124;processdWorkUnits;8;processdWorkUnits/s;177;processdWorkUnits;0;processdWorkUnits/s;0;processdWorkUnits;0;processdWorkUnits/s;0;;
1700514110740;1;1;3000.0;16;pdgf.core.dataGenerator.worker.RowWorker#worker#5;processdWorkUnits;86;processdWorkUnits/s;146;processdWorkUnits;9;processdWorkUnits/s;219;processdWorkUnits;0;processdWorkUnits/s;0;processdWorkUnits;0;processdWorkUnits/s;0;;
1700514110740;1;1;3000.0;16;pdgf.core.dataGenerator.worker.RowWorker#worker#6;processdWorkUnits;67;processdWorkUnits/s;113;processdWorkUnits;15;processdWorkUnits/s;333;processdWorkUnits;0;processdWorkUnits/s;0;processdWorkUnits;0;processdWorkUnits/s;0;;
1700514110740;1;1;3000.0;16;pdgf.core.dataGenerator.worker.RowWorker#worker#7;processdWorkUnits;81;processdWorkUnits/s;137;processdWorkUnits;5;processdWorkUnits/s;116;processdWorkUnits;0;processdWorkUnits/s;0;processdWorkUnits;0;processdWorkUnits/s;0;;
1700514110740;1;1;3000.0;16;pdgf.core.dataGenerator.worker.RowWorker#worker#8;processdWorkUnits;71;processdWorkUnits/s;120;processdWorkUnits;5;processdWorkUnits/s;116;processdWorkUnits;0;processdWorkUnits/s;0;processdWorkUnits;0;processdWorkUnits/s;0;;
1700514110740;1;1;3000.0;16;pdgf.core.dataGenerator.worker.RowWorker#worker#9;processdWorkUnits;57;processdWorkUnits/s;96;processdWorkUnits;11;processdWorkUnits/s;255;processdWorkUnits;0;processdWorkUnits/s;0;processdWorkUnits;0;processdWorkUnits/s;0;;
1700514110740;1;1;3000.0;16;pdgf.core.dataGenerator.worker.UpdateRowWorker#worker#0;processdWorkUnits;2;processdWorkUnits/s;500;processdWorkUnits;4;processdWorkUnits/s;333;processdWorkUnits;20870;processdWorkUnits/s;4305;;
1700514110740;1;1;3000.0;16;pdgf.core.dataGenerator.worker.UpdateRowWorker#worker#1;processdWorkUnits;0;processdWorkUnits/s;0;processdWorkUnits;10;processdWorkUnits/s;833;processdWorkUnits;21992;processdWorkUnits/s;4537;;
1700514110740;1;1;3000.0;16;pdgf.core.dataGenerator.worker.UpdateRowWorker#worker#10;processdWorkUnits;0;processdWorkUnits/s;0;processdWorkUnits;7;processdWorkUnits/s;636;processdWorkUnits;19200;processdWorkUnits/s;3962;;
1700514110740;1;1;3000.0;16;pdgf.core.dataGenerator.worker.UpdateRowWorker#worker#11;processdWorkUnits;1;processdWorkUnits/s;333;processdWorkUnits;2;processdWorkUnits/s;181;processdWorkUnits;18474;processdWorkUnits/s;3812;;
1700514110740;1;1;3000.0;16;pdgf.core.dataGenerator.worker.UpdateRowWorker#worker#12;processdWorkUnits;0;processdWorkUnits/s;0;processdWorkUnits;2;processdWorkUnits/s;200;processdWorkUnits;17696;processdWorkUnits/s;3651;;
1700514110740;1;1;3000.0;16;pdgf.core.dataGenerator.worker.UpdateRowWorker#worker#13;processdWorkUnits;0;processdWorkUnits/s;0;processdWorkUnits;2;processdWorkUnits/s;181;processdWorkUnits;16066;processdWorkUnits/s;3315;;
1700514110740;1;1;3000.0;16;pdgf.core.dataGenerator.worker.UpdateRowWorker#worker#14;processdWorkUnits;0;processdWorkUnits/s;0;processdWorkUnits;1;processdWorkUnits/s;100;processdWorkUnits;14380;processdWorkUnits/s;2966;;
1700514110740;1;1;3000.0;16;pdgf.core.dataGenerator.worker.UpdateRowWorker#worker#15;processdWorkUnits;0;processdWorkUnits/s;0;processdWorkUnits;2;processdWorkUnits/s;200;processdWorkUnits;12900;processdWorkUnits/s;2661;;
1700514110740;1;1;3000.0;16;pdgf.core.dataGenerator.worker.UpdateRowWorker#worker#2;processdWorkUnits;0;processdWorkUnits/s;0;processdWorkUnits;3;processdWorkUnits/s;250;processdWorkUnits;21823;processdWorkUnits/s;4502;;
1700514110740;1;1;3000.0;16;pdgf.core.dataGenerator.worker.UpdateRowWorker#worker#3;processdWorkUnits;0;processdWorkUnits/s;0;processdWorkUnits;5;processdWorkUnits/s;454;processdWorkUnits;21521;processdWorkUnits/s;4440;;
1700514110740;1;1;3000.0;16;pdgf.core.dataGenerator.worker.UpdateRowWorker#worker#4;processdWorkUnits;0;processdWorkUnits/s;0;processdWorkUnits;3;processdWorkUnits/s;272;processdWorkUnits;21581;processdWorkUnits/s;4453;;
1700514110740;1;1;3000.0;16;pdgf.core.dataGenerator.worker.UpdateRowWorker#worker#5;processdWorkUnits;0;processdWorkUnits/s;0;processdWorkUnits;17;processdWorkUnits/s;1545;processdWorkUnits;21389;processdWorkUnits/s;4413;;
1700514110740;1;1;3000.0;16;pdgf.core.dataGenerator.worker.UpdateRowWorker#worker#6;processdWorkUnits;0;processdWorkUnits/s;0;processdWorkUnits;11;processdWorkUnits/s;916;processdWorkUnits;21127;processdWorkUnits/s;4359;;
1700514110740;1;1;3000.0;16;pdgf.core.dataGenerator.worker.UpdateRowWorker#worker#7;processdWorkUnits;0;processdWorkUnits/s;0;processdWorkUnits;11;processdWorkUnits/s;1000;processdWorkUnits;20591;processdWorkUnits/s;4249;;
1700514110740;1;1;3000.0;16;pdgf.core.dataGenerator.worker.UpdateRowWorker#worker#8;processdWorkUnits;0;processdWorkUnits/s;0;processdWorkUnits;6;processdWorkUnits/s;545;processdWorkUnits;20247;processdWorkUnits/s;4178;;
1700514110740;1;1;3000.0;16;pdgf.core.dataGenerator.worker.UpdateRowWorker#worker#9;processdWorkUnits;0;processdWorkUnits/s;0;processdWorkUnits;4;processdWorkUnits/s;363;processdWorkUnits;19775;processdWorkUnits/s;4080;;
1700514110740;1;1;3000.0;16;tpc.di.scheduler.CustomerMgmtUpdateRowWorker#worker#0;processdWorkUnits;285;processdWorkUnits/s;750;;
1700514110740;1;1;3000.0;16;tpc.di.scheduler.CustomerMgmtUpdateRowWorker#worker#1;processdWorkUnits;73;processdWorkUnits/s;191;;
1700514110740;1;1;3000.0;16;tpc.di.scheduler.CustomerMgmtUpdateRowWorker#worker#10;processdWorkUnits;2;processdWorkUnits/s;5;;
1700514110740;1;1;3000.0;16;tpc.di.scheduler.CustomerMgmtUpdateRowWorker#worker#11;processdWorkUnits;4;processdWorkUnits/s;10;;
1700514110740;1;1;3000.0;16;tpc.di.scheduler.CustomerMgmtUpdateRowWorker#worker#12;processdWorkUnits;3;processdWorkUnits/s;7;;
1700514110740;1;1;3000.0;16;tpc.di.scheduler.CustomerMgmtUpdateRowWorker#worker#13;processdWorkUnits;6;processdWorkUnits/s;15;;
1700514110740;1;1;3000.0;16;tpc.di.scheduler.CustomerMgmtUpdateRowWorker#worker#14;processdWorkUnits;2;processdWorkUnits/s;5;;
1700514110740;1;1;3000.0;16;tpc.di.scheduler.CustomerMgmtUpdateRowWorker#worker#15;processdWorkUnits;14;processdWorkUnits/s;36;;
1700514110740;1;1;3000.0;16;tpc.di.scheduler.CustomerMgmtUpdateRowWorker#worker#2;processdWorkUnits;16;processdWorkUnits/s;42;;
1700514110740;1;1;3000.0;16;tpc.di.scheduler.CustomerMgmtUpdateRowWorker#worker#3;processdWorkUnits;2;processdWorkUnits/s;5;;
1700514110740;1;1;3000.0;16;tpc.di.scheduler.CustomerMgmtUpdateRowWorker#worker#4;processdWorkUnits;5;processdWorkUnits/s;13;;
1700514110740;1;1;3000.0;16;tpc.di.scheduler.CustomerMgmtUpdateRowWorker#worker#5;processdWorkUnits;7;processdWorkUnits/s;18;;
1700514110740;1;1;3000.0;16;tpc.di.scheduler.CustomerMgmtUpdateRowWorker#worker#6;processdWorkUnits;4;processdWorkUnits/s;10;;
1700514110740;1;1;3000.0;16;tpc.di.scheduler.CustomerMgmtUpdateRowWorker#worker#7;processdWorkUnits;1;processdWorkUnits/s;2;;
1700514110740;1;1;3000.0;16;tpc.di.scheduler.CustomerMgmtUpdateRowWorker#worker#8;processdWorkUnits;0;processdWorkUnits/s;0;;
1700514110740;1;1;3000.0;16;tpc.di.scheduler.CustomerMgmtUpdateRowWorker#worker#9;processdWorkUnits;5;processdWorkUnits/s;13;;
1718399517825;1;1;3000.0;16;ALL;10305;280044264;25.9 MiB/s;;
1718399517825;1;1;3000.0;16;ALL#worker0;processdWorkUnits;64;processdWorkUnits/s;66;processdWorkUnits;0;processdWorkUnits/s;0;processdWorkUnits;12;processdWorkUnits/s;130;processdWorkUnits;264;processdWorkUnits/s;482;processdWorkUnits;27;processdWorkUnits/s;1687;processdWorkUnits;20;processdWorkUnits/s;103;processdWorkUnits;1;processdWorkUnits/s;1000;processdWorkUnits;21222;processdWorkUnits/s;2533;processdWorkUnits;0;processdWorkUnits/s;0;;
1718399517825;1;1;3000.0;16;ALL#worker1;processdWorkUnits;85;processdWorkUnits/s;88;processdWorkUnits;1;processdWorkUnits/s;66;processdWorkUnits;9;processdWorkUnits/s;97;processdWorkUnits;111;processdWorkUnits/s;203;processdWorkUnits;14;processdWorkUnits/s;875;processdWorkUnits;35;processdWorkUnits/s;180;processdWorkUnits;1;processdWorkUnits/s;1000;processdWorkUnits;22828;processdWorkUnits/s;2725;processdWorkUnits;1;processdWorkUnits/s;333;;
1718399517825;1;1;3000.0;16;ALL#worker10;processdWorkUnits;64;processdWorkUnits/s;67;processdWorkUnits;0;processdWorkUnits/s;0;processdWorkUnits;9;processdWorkUnits/s;109;processdWorkUnits;3;processdWorkUnits/s;5;processdWorkUnits;4;processdWorkUnits/s;250;processdWorkUnits;28;processdWorkUnits/s;145;processdWorkUnits;0;processdWorkUnits/s;0;processdWorkUnits;19503;processdWorkUnits/s;2326;processdWorkUnits;0;processdWorkUnits/s;0;;
1718399517825;1;1;3000.0;16;ALL#worker11;processdWorkUnits;79;processdWorkUnits/s;83;processdWorkUnits;0;processdWorkUnits/s;0;processdWorkUnits;4;processdWorkUnits/s;66;processdWorkUnits;1;processdWorkUnits/s;1;processdWorkUnits;3;processdWorkUnits/s;187;processdWorkUnits;25;processdWorkUnits/s;129;processdWorkUnits;0;processdWorkUnits/s;0;processdWorkUnits;17385;processdWorkUnits/s;2076;processdWorkUnits;0;processdWorkUnits/s;0;;
1718399517825;1;1;3000.0;16;ALL#worker12;processdWorkUnits;63;processdWorkUnits/s;66;processdWorkUnits;0;processdWorkUnits/s;0;processdWorkUnits;5;processdWorkUnits/s;76;processdWorkUnits;2;processdWorkUnits/s;3;processdWorkUnits;1;processdWorkUnits/s;90;processdWorkUnits;30;processdWorkUnits/s;155;processdWorkUnits;0;processdWorkUnits/s;0;processdWorkUnits;15354;processdWorkUnits/s;1833;processdWorkUnits;0;processdWorkUnits/s;0;;
1718399517825;1;1;3000.0;16;ALL#worker13;processdWorkUnits;75;processdWorkUnits/s;80;processdWorkUnits;0;processdWorkUnits/s;0;processdWorkUnits;8;processdWorkUnits/s;126;processdWorkUnits;2;processdWorkUnits/s;3;processdWorkUnits;0;processdWorkUnits/s;0;processdWorkUnits;31;processdWorkUnits/s;159;processdWorkUnits;0;processdWorkUnits/s;0;processdWorkUnits;13320;processdWorkUnits/s;1590;processdWorkUnits;0;processdWorkUnits/s;0;;
1718399517825;1;1;3000.0;16;ALL#worker14;processdWorkUnits;72;processdWorkUnits/s;76;processdWorkUnits;0;processdWorkUnits/s;0;processdWorkUnits;11;processdWorkUnits/s;154;processdWorkUnits;4;processdWorkUnits/s;7;processdWorkUnits;0;processdWorkUnits/s;0;processdWorkUnits;26;processdWorkUnits/s;134;processdWorkUnits;0;processdWorkUnits/s;0;processdWorkUnits;12289;processdWorkUnits/s;1466;processdWorkUnits;0;processdWorkUnits/s;0;;
1718399517825;1;1;3000.0;16;ALL#worker15;processdWorkUnits;76;processdWorkUnits/s;81;processdWorkUnits;1;processdWorkUnits/s;90;processdWorkUnits;3;processdWorkUnits/s;61;processdWorkUnits;6;processdWorkUnits/s;11;processdWorkUnits;3;processdWorkUnits/s;272;processdWorkUnits;36;processdWorkUnits/s;186;processdWorkUnits;0;processdWorkUnits/s;0;processdWorkUnits;12148;processdWorkUnits/s;1450;processdWorkUnits;0;processdWorkUnits/s;0;;
1718399517825;1;1;3000.0;16;ALL#worker2;processdWorkUnits;78;processdWorkUnits/s;81;processdWorkUnits;0;processdWorkUnits/s;0;processdWorkUnits;14;processdWorkUnits/s;135;processdWorkUnits;30;processdWorkUnits/s;55;processdWorkUnits;4;processdWorkUnits/s;250;processdWorkUnits;32;processdWorkUnits/s;164;processdWorkUnits;0;processdWorkUnits/s;0;processdWorkUnits;23160;processdWorkUnits/s;2765;processdWorkUnits;0;processdWorkUnits/s;0;;
1718399517825;1;1;3000.0;16;ALL#worker3;processdWorkUnits;62;processdWorkUnits/s;64;processdWorkUnits;0;processdWorkUnits/s;0;processdWorkUnits;14;processdWorkUnits/s;170;processdWorkUnits;3;processdWorkUnits/s;5;processdWorkUnits;6;processdWorkUnits/s;375;processdWorkUnits;28;processdWorkUnits/s;152;processdWorkUnits;0;processdWorkUnits/s;0;processdWorkUnits;22156;processdWorkUnits/s;2645;processdWorkUnits;0;processdWorkUnits/s;0;;
1718399517825;1;1;3000.0;16;ALL#worker4;processdWorkUnits;82;processdWorkUnits/s;86;processdWorkUnits;0;processdWorkUnits/s;0;processdWorkUnits;10;processdWorkUnits/s;105;processdWorkUnits;0;processdWorkUnits/s;0;processdWorkUnits;4;processdWorkUnits/s;235;processdWorkUnits;27;processdWorkUnits/s;138;processdWorkUnits;0;processdWorkUnits/s;0;processdWorkUnits;22887;processdWorkUnits/s;2733;processdWorkUnits;0;processdWorkUnits/s;0;;
1718399517825;1;1;3000.0;16;ALL#worker5;processdWorkUnits;54;processdWorkUnits/s;56;processdWorkUnits;1;processdWorkUnits/s;71;processdWorkUnits;8;processdWorkUnits/s;91;processdWorkUnits;1;processdWorkUnits/s;1;processdWorkUnits;4;processdWorkUnits/s;235;processdWorkUnits;27;processdWorkUnits/s;139;processdWorkUnits;0;processdWorkUnits/s;0;processdWorkUnits;22171;processdWorkUnits/s;2647;processdWorkUnits;0;processdWorkUnits/s;0;;
1718399517825;1;1;3000.0;16;ALL#worker6;processdWorkUnits;62;processdWorkUnits/s;65;processdWorkUnits;0;processdWorkUnits/s;0;processdWorkUnits;13;processdWorkUnits/s;146;processdWorkUnits;0;processdWorkUnits/s;0;processdWorkUnits;4;processdWorkUnits/s;235;processdWorkUnits;28;processdWorkUnits/s;143;processdWorkUnits;0;processdWorkUnits/s;0;processdWorkUnits;21672;processdWorkUnits/s;2588;processdWorkUnits;0;processdWorkUnits/s;0;;
1718399517825;1;1;3000.0;16;ALL#worker7;processdWorkUnits;57;processdWorkUnits/s;60;processdWorkUnits;0;processdWorkUnits/s;0;processdWorkUnits;16;processdWorkUnits/s;207;processdWorkUnits;2;processdWorkUnits/s;3;processdWorkUnits;6;processdWorkUnits/s;428;processdWorkUnits;18;processdWorkUnits/s;92;processdWorkUnits;0;processdWorkUnits/s;0;processdWorkUnits;21521;processdWorkUnits/s;2569;processdWorkUnits;0;processdWorkUnits/s;0;;
1718399517825;1;1;3000.0;16;ALL#worker8;processdWorkUnits;87;processdWorkUnits/s;91;processdWorkUnits;0;processdWorkUnits/s;0;processdWorkUnits;4;processdWorkUnits/s;47;processdWorkUnits;0;processdWorkUnits/s;0;processdWorkUnits;5;processdWorkUnits/s;294;processdWorkUnits;27;processdWorkUnits/s;139;processdWorkUnits;0;processdWorkUnits/s;0;processdWorkUnits;21225;processdWorkUnits/s;2534;processdWorkUnits;0;processdWorkUnits/s;0;;
1718399517825;1;1;3000.0;16;ALL#worker9;processdWorkUnits;69;processdWorkUnits/s;72;processdWorkUnits;0;processdWorkUnits/s;0;processdWorkUnits;10;processdWorkUnits/s;128;processdWorkUnits;0;processdWorkUnits/s;0;processdWorkUnits;5;processdWorkUnits/s;312;processdWorkUnits;32;processdWorkUnits/s;164;processdWorkUnits;0;processdWorkUnits/s;0;processdWorkUnits;20791;processdWorkUnits/s;2483;processdWorkUnits;0;processdWorkUnits/s;0;;
1718399517825;1;1;3000.0;16;Account;9;4525;491.0 KiB/s;;
1718399517825;1;1;3000.0;16;BatchDate;19;88;4.5 KiB/s;;
1718399517825;1;1;3000.0;16;Customer;12;6760;550.1 KiB/s;;
1718399517825;1;1;3000.0;16;CustomerMgmt;556;9369639;16.1 MiB/s;;
1718399517825;1;1;3000.0;16;DailyMarket;1723;75580619;41.8 MiB/s;;
1718399517825;1;1;3000.0;16;Date;593;3501650;5.6 MiB/s;593;3501650;5.6 MiB/s;;
1718399517825;1;1;3000.0;16;FINWIRE;743;23326253;29.9 MiB/s;;
1718399517825;1;1;3000.0;16;HR;92;1200692;12.4 MiB/s;92;1200692;12.4 MiB/s;;
1718399517825;1;1;3000.0;16;Industry;5;2732;533.6 KiB/s;5;2732;533.6 KiB/s;;
1718399517825;1;1;3000.0;16;Prospect;200;9334017;44.5 MiB/s;;
1718399517825;1;1;3000.0;16;RecordsBatch#1;4539962;;
1718399517825;1;1;3000.0;16;RecordsBatch#2;19900;;
1718399517825;1;1;3000.0;16;RecordsBatch#3;19855;;
1718399517825;1;1;3000.0;16;RecordsBatch#ALL;4579717;444416;records/second;;
1718399517825;1;1;3000.0;16;StatusType;33;3723;110.2 KiB/s;33;3723;110.2 KiB/s;;
1718399517825;1;1;3000.0;16;TaxRate;8;17091;2.0 MiB/s;8;17091;2.0 MiB/s;;
1718399517825;1;1;3000.0;16;Time;321;4782598;14.2 MiB/s;321;4782598;14.2 MiB/s;;
1718399517825;1;1;3000.0;16;TradeSource;4972;110987459;21.3 MiB/s;;
1718399517825;1;1;3000.0;16;WatchHistory;949;41926319;42.1 MiB/s;;
1718399517825;1;1;3000.0;16;pdgf.core.dataGenerator.worker.DbDumpRowWorker#worker#0;processdWorkUnits;20;processdWorkUnits/s;103;;
1718399517825;1;1;3000.0;16;pdgf.core.dataGenerator.worker.DbDumpRowWorker#worker#1;processdWorkUnits;35;processdWorkUnits/s;180;;
1718399517825;1;1;3000.0;16;pdgf.core.dataGenerator.worker.DbDumpRowWorker#worker#10;processdWorkUnits;28;processdWorkUnits/s;145;;
1718399517825;1;1;3000.0;16;pdgf.core.dataGenerator.worker.DbDumpRowWorker#worker#11;processdWorkUnits;25;processdWorkUnits/s;129;;
1718399517825;1;1;3000.0;16;pdgf.core.dataGenerator.worker.DbDumpRowWorker#worker#12;processdWorkUnits;30;processdWorkUnits/s;155;;
1718399517825;1;1;3000.0;16;pdgf.core.dataGenerator.worker.DbDumpRowWorker#worker#13;processdWorkUnits;31;processdWorkUnits/s;159;;
1718399517825;1;1;3000.0;16;pdgf.core.dataGenerator.worker.DbDumpRowWorker#worker#14;processdWorkUnits;26;processdWorkUnits/s;134;;
1718399517825;1;1;3000.0;16;pdgf.core.dataGenerator.worker.DbDumpRowWorker#worker#15;processdWorkUnits;36;processdWorkUnits/s;186;;
1718399517825;1;1;3000.0;16;pdgf.core.dataGenerator.worker.DbDumpRowWorker#worker#2;processdWorkUnits;32;processdWorkUnits/s;164;;
1718399517825;1;1;3000.0;16;pdgf.core.dataGenerator.worker.DbDumpRowWorker#worker#3;processdWorkUnits;28;processdWorkUnits/s;152;;
1718399517825;1;1;3000.0;16;pdgf.core.dataGenerator.worker.DbDumpRowWorker#worker#4;processdWorkUnits;27;processdWorkUnits/s;138;;
1718399517825;1;1;3000.0;16;pdgf.core.dataGenerator.worker.DbDumpRowWorker#worker#5;processdWorkUnits;27;processdWorkUnits/s;139;;
1718399517825;1;1;3000.0;16;pdgf.core.dataGenerator.worker.DbDumpRowWorker#worker#6;processdWorkUnits;28;processdWorkUnits/s;143;;
1718399517825;1;1;3000.0;16;pdgf.core.dataGenerator.worker.DbDumpRowWorker#worker#7;processdWorkUnits;18;processdWorkUnits/s;92;;
1718399517825;1;1;3000.0;16;pdgf.core.dataGenerator.worker.DbDumpRowWorker#worker#8;processdWorkUnits;27;processdWorkUnits/s;139;;
1718399517825;1;1;3000.0;16;pdgf.core.dataGenerator.worker.DbDumpRowWorker#worker#9;processdWorkUnits;32;processdWorkUnits/s;164;;
1718399517825;1;1;3000.0;16;pdgf.core.dataGenerator.worker.RowWorker#worker#0;processdWorkUnits;64;processdWorkUnits/s;66;processdWorkUnits;12;processdWorkUnits/s;130;processdWorkUnits;1;processdWorkUnits/s;1000;processdWorkUnits;0;processdWorkUnits/s;0;;
1718399517825;1;1;3000.0;16;pdgf.core.dataGenerator.worker.RowWorker#worker#1;processdWorkUnits;85;processdWorkUnits/s;88;processdWorkUnits;9;processdWorkUnits/s;97;processdWorkUnits;1;processdWorkUnits/s;1000;processdWorkUnits;1;processdWorkUnits/s;333;;
1718399517825;1;1;3000.0;16;pdgf.core.dataGenerator.worker.RowWorker#worker#10;processdWorkUnits;64;processdWorkUnits/s;67;processdWorkUnits;9;processdWorkUnits/s;109;processdWorkUnits;0;processdWorkUnits/s;0;processdWorkUnits;0;processdWorkUnits/s;0;;
1718399517825;1;1;3000.0;16;pdgf.core.dataGenerator.worker.RowWorker#worker#11;processdWorkUnits;79;processdWorkUnits/s;83;processdWorkUnits;4;processdWorkUnits/s;66;processdWorkUnits;0;processdWorkUnits/s;0;processdWorkUnits;0;processdWorkUnits/s;0;;
1718399517825;1;1;3000.0;16;pdgf.core.dataGenerator.worker.RowWorker#worker#12;processdWorkUnits;63;processdWorkUnits/s;66;processdWorkUnits;5;processdWorkUnits/s;76;processdWorkUnits;0;processdWorkUnits/s;0;processdWorkUnits;0;processdWorkUnits/s;0;;
1718399517825;1;1;3000.0;16;pdgf.core.dataGenerator.worker.RowWorker#worker#13;processdWorkUnits;75;processdWorkUnits/s;80;processdWorkUnits;8;processdWorkUnits/s;126;processdWorkUnits;0;processdWorkUnits/s;0;processdWorkUnits;0;processdWorkUnits/s;0;;
1718399517825;1;1;3000.0;16;pdgf.core.dataGenerator.worker.RowWorker#worker#14;processdWorkUnits;72;processdWorkUnits/s;76;processdWorkUnits;11;processdWorkUnits/s;154;processdWorkUnits;0;processdWorkUnits/s;0;processdWorkUnits;0;processdWorkUnits/s;0;;
1718399517825;1;1;3000.0;16;pdgf.core.dataGenerator.worker.RowWorker#worker#15;processdWorkUnits;76;processdWorkUnits/s;81;processdWorkUnits;3;processdWorkUnits/s;61;processdWorkUnits;0;processdWorkUnits/s;0;processdWorkUnits;0;processdWorkUnits/s;0;;
1718399517825;1;1;3000.0;16;pdgf.core.dataGenerator.worker.RowWorker#worker#2;processdWorkUnits;78;processdWorkUnits/s;81;processdWorkUnits;14;processdWorkUnits/s;135;processdWorkUnits;0;processdWorkUnits/s;0;processdWorkUnits;0;processdWorkUnits/s;0;;
1718399517825;1;1;3000.0;16;pdgf.core.dataGenerator.worker.RowWorker#worker#3;processdWorkUnits;62;processdWorkUnits/s;64;processdWorkUnits;14;processdWorkUnits/s;170;processdWorkUnits;0;processdWorkUnits/s;0;processdWorkUnits;0;processdWorkUnits/s;0;;
1718399517825;1;1;3000.0;16;pdgf.core.dataGenerator.worker.RowWorker#worker#4;processdWorkUnits;82;processdWorkUnits/s;86;processdWorkUnits;10;processdWorkUnits/s;105;processdWorkUnits;0;processdWorkUnits/s;0;processdWorkUnits;0;processdWorkUnits/s;0;;
1718399517825;1;1;3000.0;16;pdgf.core.dataGenerator.worker.RowWorker#worker#5;processdWorkUnits;54;processdWorkUnits/s;56;processdWorkUnits;8;processdWorkUnits/s;91;processdWorkUnits;0;processdWorkUnits/s;0;processdWorkUnits;0;processdWorkUnits/s;0;;
1718399517825;1;1;3000.0;16;pdgf.core.dataGenerator.worker.RowWorker#worker#6;processdWorkUnits;62;processdWorkUnits/s;65;processdWorkUnits;13;processdWorkUnits/s;146;processdWorkUnits;0;processdWorkUnits/s;0;processdWorkUnits;0;processdWorkUnits/s;0;;
1718399517825;1;1;3000.0;16;pdgf.core.dataGenerator.worker.RowWorker#worker#7;processdWorkUnits;57;processdWorkUnits/s;60;processdWorkUnits;16;processdWorkUnits/s;207;processdWorkUnits;0;processdWorkUnits/s;0;processdWorkUnits;0;processdWorkUnits/s;0;;
1718399517825;1;1;3000.0;16;pdgf.core.dataGenerator.worker.RowWorker#worker#8;processdWorkUnits;87;processdWorkUnits/s;91;processdWorkUnits;4;processdWorkUnits/s;47;processdWorkUnits;0;processdWorkUnits/s;0;processdWorkUnits;0;processdWorkUnits/s;0;;
1718399517825;1;1;3000.0;16;pdgf.core.dataGenerator.worker.RowWorker#worker#9;processdWorkUnits;69;processdWorkUnits/s;72;processdWorkUnits;10;processdWorkUnits/s;128;processdWorkUnits;0;processdWorkUnits/s;0;processdWorkUnits;0;processdWorkUnits/s;0;;
1718399517825;1;1;3000.0;16;pdgf.core.dataGenerator.worker.UpdateRowWorker#worker#0;processdWorkUnits;0;processdWorkUnits/s;0;processdWorkUnits;27;processdWorkUnits/s;1687;processdWorkUnits;21222;processdWorkUnits/s;2533;;
1718399517825;1;1;3000.0;16;pdgf.core.dataGenerator.worker.UpdateRowWorker#worker#1;processdWorkUnits;1;processdWorkUnits/s;66;processdWorkUnits;14;processdWorkUnits/s;875;processdWorkUnits;22828;processdWorkUnits/s;2725;;
1718399517825;1;1;3000.0;16;pdgf.core.dataGenerator.worker.UpdateRowWorker#worker#10;processdWorkUnits;0;processdWorkUnits/s;0;processdWorkUnits;4;processdWorkUnits/s;250;processdWorkUnits;19503;processdWorkUnits/s;2326;;
1718399517825;1;1;3000.0;16;pdgf.core.dataGenerator.worker.UpdateRowWorker#worker#11;processdWorkUnits;0;processdWorkUnits/s;0;processdWorkUnits;3;processdWorkUnits/s;187;processdWorkUnits;17385;processdWorkUnits/s;2076;;
1718399517825;1;1;3000.0;16;pdgf.core.dataGenerator.worker.UpdateRowWorker#worker#12;processdWorkUnits;0;processdWorkUnits/s;0;processdWorkUnits;1;processdWorkUnits/s;90;processdWorkUnits;15354;processdWorkUnits/s;1833;;
1718399517825;1;1;3000.0;16;pdgf.core.dataGenerator.worker.UpdateRowWorker#worker#13;processdWorkUnits;0;processdWorkUnits/s;0;processdWorkUnits;0;processdWorkUnits/s;0;processdWorkUnits;13320;processdWorkUnits/s;1590;;
1718399517825;1;1;3000.0;16;pdgf.core.dataGenerator.worker.UpdateRowWorker#worker#14;processdWorkUnits;0;processdWorkUnits/s;0;processdWorkUnits;0;processdWorkUnits/s;0;processdWorkUnits;12289;processdWorkUnits/s;1466;;
1718399517825;1;1;3000.0;16;pdgf.core.dataGenerator.worker.UpdateRowWorker#worker#15;processdWorkUnits;1;processdWorkUnits/s;90;processdWorkUnits;3;processdWorkUnits/s;272;processdWorkUnits;12148;processdWorkUnits/s;1450;;
1718399517825;1;1;3000.0;16;pdgf.core.dataGenerator.worker.UpdateRowWorker#worker#2;processdWorkUnits;0;processdWorkUnits/s;0;processdWorkUnits;4;processdWorkUnits/s;250;processdWorkUnits;23160;processdWorkUnits/s;2765;;
1718399517825;1;1;3000.0;16;pdgf.core.dataGenerator.worker.UpdateRowWorker#worker#3;processdWorkUnits;0;processdWorkUnits/s;0;processdWorkUnits;6;processdWorkUnits/s;375;processdWorkUnits;22156;processdWorkUnits/s;2645;;
1718399517825;1;1;3000.0;16;pdgf.core.dataGenerator.worker.UpdateRowWorker#worker#4;processdWorkUnits;0;processdWorkUnits/s;0;processdWorkUnits;4;processdWorkUnits/s;235;processdWorkUnits;22887;processdWorkUnits/s;2733;;
1718399517825;1;1;3000.0;16;pdgf.core.dataGenerator.worker.UpdateRowWorker#worker#5;processdWorkUnits;1;processdWorkUnits/s;71;processdWorkUnits;4;processdWorkUnits/s;235;processdWorkUnits;22171;processdWorkUnits/s;2647;;
1718399517825;1;1;3000.0;16;pdgf.core.dataGenerator.worker.UpdateRowWorker#worker#6;processdWorkUnits;0;processdWorkUnits/s;0;processdWorkUnits;4;processdWorkUnits/s;235;processdWorkUnits;21672;processdWorkUnits/s;2588;;
1718399517825;1;1;3000.0;16;pdgf.core.dataGenerator.worker.UpdateRowWorker#worker#7;processdWorkUnits;0;processdWorkUnits/s;0;processdWorkUnits;6;processdWorkUnits/s;428;processdWorkUnits;21521;processdWorkUnits/s;2569;;
1718399517825;1;1;3000.0;16;pdgf.core.dataGenerator.worker.UpdateRowWorker#worker#8;processdWorkUnits;0;processdWorkUnits/s;0;processdWorkUnits;5;processdWorkUnits/s;294;processdWorkUnits;21225;processdWorkUnits/s;2534;;
1718399517825;1;1;3000.0;16;pdgf.core.dataGenerator.worker.UpdateRowWorker#worker#9;processdWorkUnits;0;processdWorkUnits/s;0;processdWorkUnits;5;processdWorkUnits/s;312;processdWorkUnits;20791;processdWorkUnits/s;2483;;
1718399517825;1;1;3000.0;16;tpc.di.scheduler.CustomerMgmtUpdateRowWorker#worker#0;processdWorkUnits;264;processdWorkUnits/s;482;;
1718399517825;1;1;3000.0;16;tpc.di.scheduler.CustomerMgmtUpdateRowWorker#worker#1;processdWorkUnits;111;processdWorkUnits/s;203;;
1718399517825;1;1;3000.0;16;tpc.di.scheduler.CustomerMgmtUpdateRowWorker#worker#10;processdWorkUnits;3;processdWorkUnits/s;5;;
1718399517825;1;1;3000.0;16;tpc.di.scheduler.CustomerMgmtUpdateRowWorker#worker#11;processdWorkUnits;1;processdWorkUnits/s;1;;
1718399517825;1;1;3000.0;16;tpc.di.scheduler.CustomerMgmtUpdateRowWorker#worker#12;processdWorkUnits;2;processdWorkUnits/s;3;;
1718399517825;1;1;3000.0;16;tpc.di.scheduler.CustomerMgmtUpdateRowWorker#worker#13;processdWorkUnits;2;processdWorkUnits/s;3;;
1718399517825;1;1;3000.0;16;tpc.di.scheduler.CustomerMgmtUpdateRowWorker#worker#14;processdWorkUnits;4;processdWorkUnits/s;7;;
1718399517825;1;1;3000.0;16;tpc.di.scheduler.CustomerMgmtUpdateRowWorker#worker#15;processdWorkUnits;6;processdWorkUnits/s;11;;
1718399517825;1;1;3000.0;16;tpc.di.scheduler.CustomerMgmtUpdateRowWorker#worker#2;processdWorkUnits;30;processdWorkUnits/s;55;;
1718399517825;1;1;3000.0;16;tpc.di.scheduler.CustomerMgmtUpdateRowWorker#worker#3;processdWorkUnits;3;processdWorkUnits/s;5;;
1718399517825;1;1;3000.0;16;tpc.di.scheduler.CustomerMgmtUpdateRowWorker#worker#4;processdWorkUnits;0;processdWorkUnits/s;0;;
1718399517825;1;1;3000.0;16;tpc.di.scheduler.CustomerMgmtUpdateRowWorker#worker#5;processdWorkUnits;1;processdWorkUnits/s;1;;
1718399517825;1;1;3000.0;16;tpc.di.scheduler.CustomerMgmtUpdateRowWorker#worker#6;processdWorkUnits;0;processdWorkUnits/s;0;;
1718399517825;1;1;3000.0;16;tpc.di.scheduler.CustomerMgmtUpdateRowWorker#worker#7;processdWorkUnits;2;processdWorkUnits/s;3;;
1718399517825;1;1;3000.0;16;tpc.di.scheduler.CustomerMgmtUpdateRowWorker#worker#8;processdWorkUnits;0;processdWorkUnits/s;0;;
1718399517825;1;1;3000.0;16;tpc.di.scheduler.CustomerMgmtUpdateRowWorker#worker#9;processdWorkUnits;0;processdWorkUnits/s;0;;
